title,title_marathi,ingredients,ingredients_regional,instructions,cuisine,diet,occasion,cooking_time_minutes,seasons,clean_ingredients,clean_instructions,combined_features,score
Pithla Bhakri,पिठळा भाकरी,"besan,onion,green chili,garlic,turmeric,mustard seeds,curry leaves,oil,salt","बेसन,कांदा,मिरची,लसूण,हळद,राई,करीपत्ता,तेल,मीठ","Mix 1 cup besan with 2 cups water to form a smooth paste, no lumps.;Heat oil in a pan. Add mustard seeds and curry leaves. Let them splutter.;Add chopped onion, green chilies, and garlic. Sauté till soft.;Pour in the besan paste. Stir continuously on medium heat.;Cook for 8–10 minutes till thickened. Add turmeric and salt.;Serve hot with bhakri or roti.",Maharashtrian,vegetarian,"daily,fasting,monsoon",20,monsoon,besanoniongreen chiligarlicturmericmustard seedscurry leavesoilsalt,mix cup besan cup water form smooth paste lumpsheat oil pan add mustard seed curry leaf let splutteradd chopped onion green chilies garlic saut till softpour besan paste stir continuously medium heatcook minute till thickened add turmeric saltserve hot bhakri roti,besanoniongreen chiligarlicturmericmustard seedscurry leavesoilsalt mix cup besan cup water form smooth paste lumpsheat oil pan add mustard seed curry leaf let splutteradd chopped onion green chilies garlic saut till softpour besan paste stir continuously medium heatcook minute till thickened add turmeric saltserve hot bhakri roti,0.055996905606537285
Sabudana Khichdi,साबूदाना खिचडी,"sabudana,potato,peanuts,green chili,cumin seeds,ghee,salt,lemon juice","साबूदाना,बटाटा,मूंगफळी,मिरची,जीरे,घी,मीठ,निंबू",Soak sabudana in water for 2–3 hours until soft but not mushy.;Peel and dice potatoes. Roast peanuts lightly.;Heat ghee in a pan. Add cumin seeds and chopped green chili.;Add potatoes and sauté for 5 minutes.;Mix in soaked sabudana and peanuts. Cook on low flame for 8 minutes.;Add salt and drop of lemon juice. Serve hot.,Maharashtrian,"vegetarian,fasting","fasting,navratri,ganesh_chaturthi",30,winter,sabudanapotatopeanutsgreen chilicumin seedsgheesaltlemon juice,soak sabudana water hour soft mushypeel dice potato roast peanut lightlyheat ghee pan add cumin seed chopped green chiliadd potato saut minutesmix soaked sabudana peanut cook low flame minutesadd salt drop lemon juice serve hot,sabudanapotatopeanutsgreen chilicumin seedsgheesaltlemon juice soak sabudana water hour soft mushypeel dice potato roast peanut lightlyheat ghee pan add cumin seed chopped green chiliadd potato saut minutesmix soaked sabudana peanut cook low flame minutesadd salt drop lemon juice serve hot,0.1996371892753059
Puran Poli,पुरण पोली,"chana dal,jaggery,cardamom powder,flour,ghee,water","चनादाल,गुड,इलायचीपॉडर,तांदूळाचेकोळसे,घी,पाणी","Roast chana dal until golden, then grind to fine powder.;Cook dal powder with grated jaggery and cardamom until thick like halwa.;Make soft dough with flour, water, and a little ghee.;Roll small balls of dough, flatten, fill with puran, then roll again into a disc.;Cook on tawa with ghee until golden brown on both sides.",Maharashtrian,vegetarian,"festive,ganesh_chaturthi,holi,marriage",60,festive,chana daljaggerycardamom powderflourgheewater,roast chana dal golden grind fine powdercook dal powder grated jaggery cardamom thick like halwamake soft dough flour water little gheeroll small ball dough flatten fill puran roll disccook tawa ghee golden brown side,chana daljaggerycardamom powderflourgheewater roast chana dal golden grind fine powdercook dal powder grated jaggery cardamom thick like halwamake soft dough flour water little gheeroll small ball dough flatten fill puran roll disccook tawa ghee golden brown side,0.0
Batata Bhaji,बाटले भाजी,"potato,onion,turmeric,mustard seeds,curry leaves,oil,salt","बटाटा,कांदा,हळद,राई,करीपत्ता,तेल,मीठ","Peel and dice potatoes into small cubes.;Heat oil in a pan. Add mustard seeds and curry leaves.;Add chopped onions and sauté until translucent.;Add potatoes, turmeric, and salt. Stir to coat.;Cover and cook on low flame till potatoes are soft.;Uncover and fry for 5 more minutes till edges crisp.",Maharashtrian,vegetarian,"daily,school lunch,monsoon",25,monsoon,potatoonionturmericmustard seedscurry leavesoilsalt,peel dice potato small cubesheat oil pan add mustard seed curry leavesadd chopped onion saut translucentadd potato turmeric salt stir coatcover cook low flame till potato softuncover fry minute till edge crisp,potatoonionturmericmustard seedscurry leavesoilsalt peel dice potato small cubesheat oil pan add mustard seed curry leavesadd chopped onion saut translucentadd potato turmeric salt stir coatcover cook low flame till potato softuncover fry minute till edge crisp,0.43678681410634546
Misal Pav,मिसळ पाव,"moth beans,onion,tomato,garlic,green chili,tamarind,fennel seeds,oil,pav (bread),coriander,lemon","मोतदाल,कांदा,मिरची,लसूण,करवंद,निंबू,सौंफ,तेल,पाव,धान्य","Soak moth beans overnight, then pressure cook till soft.;In oil, fry fennel seeds, garlic, green chilies.;Add chopped tomatoes and cook till mushy.;Add cooked beans, tamarind paste, and spice mix. Simmer 10 minutes.;Garnish with onions, coriander, lemon juice.;Serve with toasted pav.",Maharashtrian,vegetarian,"breakfast,snack,street food",90,winter,moth beansoniontomatogarlicgreen chilitamarindfennel seedsoilpav breadcorianderlemon,soak moth bean overnight pressure cook till softin oil fry fennel seed garlic green chiliesadd chopped tomato cook till mushyadd cooked bean tamarind paste spice mix simmer minutesgarnish onion coriander lemon juiceserve toasted pav,moth beansoniontomatogarlicgreen chilitamarindfennel seedsoilpav breadcorianderlemon soak moth bean overnight pressure cook till softin oil fry fennel seed garlic green chiliesadd chopped tomato cook till mushyadd cooked bean tamarind paste spice mix simmer minutesgarnish onion coriander lemon juiceserve toasted pav,0.0
Modak,मोदक,"rice flour,coconut,jaggery,cardamom,ghee,water","चावलीचेआटे,नारळ,गुड,इलायची,घी,पाणी","Make dough with rice flour and warm water. Knead into soft dough.;Grate coconut, mix with jaggery and cardamom powder. Cook until dry.;Roll small balls of dough, flatten into cups.;Fill with coconut-jaggery mix, then pleat edges to form a mound.;Steam for 10–12 minutes. Serve warm.",Maharashtrian,vegetarian,"ganesh_chaturthi,festive,wedding",45,festive,rice flourcoconutjaggerycardamomgheewater,make dough rice flour warm water knead soft doughgrate coconut mix jaggery cardamom powder cook dryroll small ball dough flatten cupsfill coconutjaggery mix pleat edge form moundsteam minute serve warm,rice flourcoconutjaggerycardamomgheewater make dough rice flour warm water knead soft doughgrate coconut mix jaggery cardamom powder cook dryroll small ball dough flatten cupsfill coconutjaggery mix pleat edge form moundsteam minute serve warm,0.0
Thalipeeth,थाळीपीठ,"multigrain flour (jowar, bajra, rice, chickpea),onion,green chili,coriander,spice mix (bhaji masala),oil,water","ज्वारी,बाजरी,चावल,बेसनतळलेलेआटे,कांदा,मिरची,धान्य,भाजीमसाला,तेल,पाणी","Mix all flours with salt and bhaji masala.;Add finely chopped onions, green chilies, and coriander.;Add water little by little to make firm dough.;Divide into balls, flatten into thick discs.;Cook on tawa with oil on both sides till golden.",Maharashtrian,vegetarian,"breakfast,daily,fasting",20,monsoon,multigrain flour jowar bajra rice chickpeaoniongreen chilicorianderspice mix bhaji masalaoilwater,mix flour salt bhaji masalaadd finely chopped onion green chilies corianderadd water little little make firm doughdivide ball flatten thick discscook tawa oil side till golden,multigrain flour jowar bajra rice chickpeaoniongreen chilicorianderspice mix bhaji masalaoilwater mix flour salt bhaji masalaadd finely chopped onion green chilies corianderadd water little little make firm doughdivide ball flatten thick discscook tawa oil side till golden,0.0
Zunka Bhakri,झुका भाकरी,"besan,onion,green chili,turmeric,coriander,oil,salt,bhakri (millet flatbread)","बेसन,कांदा,मिरची,हळद,धान्य,तेल,मीठ,भाकरी","Roast besan in a pan on low heat for 5–7 minutes until fragrant.;In another pan, heat oil. Sauté onions, green chilies, turmeric.;Mix roasted besan with sautéed mixture. Add chopped coriander.;Add water to make a thick, moist mix. Cook for 10 minutes.;Serve steaming hot with bhakri and pickles.",Maharashtrian,vegetarian,"daily,monsoon,farmhouse",25,monsoon,besanoniongreen chiliturmericcorianderoilsaltbhakri millet flatbread,roast besan pan low heat minute fragrantin another pan heat oil saut onion green chilies turmericmix roasted besan sauted mixture add chopped corianderadd water make thick moist mix cook minutesserve steaming hot bhakri pickle,besanoniongreen chiliturmericcorianderoilsaltbhakri millet flatbread roast besan pan low heat minute fragrantin another pan heat oil saut onion green chilies turmericmix roasted besan sauted mixture add chopped corianderadd water make thick moist mix cook minutesserve steaming hot bhakri pickle,0.0
Dahi Bhath,दही भात,"rice,curd,water,salt,mustard seeds,curry leaves,dry red chili,coconut,green chili,coriander","भात,दही,पाणी,मीठ,राई,करीपत्ता,गवंडीमिरची,नारळ,मिरची,धान्य","Cook rice and cool to room temperature.;Whisk curd with water to make a thin, tangy mix.;In tempering: heat oil. Add mustard seeds, curry leaves, red chili.;Mix tempering into curd-rice. Add grated coconut, chopped green chili.;Salt to taste. Garnish with coriander. Serve chilled.",Maharashtrian,vegetarian,"lunch,summer,festive",40,summer,ricecurdwatersaltmustard seedscurry leavesdry red chilicoconutgreen chilicoriander,cook rice cool room temperaturewhisk curd water make thin tangy mixin tempering heat oil add mustard seed curry leaf red chilimix tempering curdrice add grated coconut chopped green chilisalt taste garnish coriander serve chilled,ricecurdwatersaltmustard seedscurry leavesdry red chilicoconutgreen chilicoriander cook rice cool room temperaturewhisk curd water make thin tangy mixin tempering heat oil add mustard seed curry leaf red chilimix tempering curdrice add grated coconut chopped green chilisalt taste garnish coriander serve chilled,0.060482980385424226
Varan Bhat,वरण भात,"toor dal,water,turmeric,salt,rice,ghee,cumin seeds,asafoetida","तूरदाल,पाणी,हळद,मीठ,भात,घी,जीरे,हिंग","Pressure cook toor dal with turmeric and salt until soft.;In a pan, heat ghee. Add cumin and asafoetida. Let them sizzle.;Pour dal tempering over cooked dal. Mix well.;Serve hot with rice and a drizzle of ghee on top.",Maharashtrian,"vegetarian,fasting","daily,funeral,simple meal",35,winter,toor dalwaterturmericsaltricegheecumin seedsasafoetida,pressure cook toor dal turmeric salt softin pan heat ghee add cumin asafoetida let sizzlepour dal tempering cooked dal mix wellserve hot rice drizzle ghee top,toor dalwaterturmericsaltricegheecumin seedsasafoetida pressure cook toor dal turmeric salt softin pan heat ghee add cumin asafoetida let sizzlepour dal tempering cooked dal mix wellserve hot rice drizzle ghee top,0.0
Amabhar,अमाभर,"cluster beans,green chili,coriander,jaggery,turmeric,oil,salt,tamarind","गवंड,मिरची,धान्य,गुड,हळद,तेल,मीठ,कोंबडी","Boil cluster beans till tender, then cool and chop.;In oil, sauté green chilies and turmeric.;Add tamarind pulp and jaggery. Simmer until thick sauce forms.;Add chopped beans. Cook till flavors meld.;Garnish with fresh coriander. Served cold as side dish.",Maharashtrian,vegetarian,"lunch,monsoon,family meal",25,monsoon,cluster beansgreen chilicorianderjaggeryturmericoilsalttamarind,boil cluster bean till tender cool chopin oil saut green chilies turmericadd tamarind pulp jaggery simmer thick sauce formsadd chopped bean cook till flavor meldgarnish fresh coriander served cold side dish,cluster beansgreen chilicorianderjaggeryturmericoilsalttamarind boil cluster bean till tender cool chopin oil saut green chilies turmericadd tamarind pulp jaggery simmer thick sauce formsadd chopped bean cook till flavor meldgarnish fresh coriander served cold side dish,0.0
Kharria,खर्रीया,"bajra flour,butter,jaggery,cardamom,water","बाजरीचेआटे,मट्ठा,गुड,इलायची,पाणी",Roast bajra flour in ghee on low flame for 10 mins until aromatic.;Boil jaggery with water to make syrup. Cool slightly.;Mix roasted flour into syrup until dough forms.;Add cardamom powder. Knead till smooth.;Form into small balls. Traditionally eaten with milk.,Maharashtrian,vegetarian,"festival,winter,rural",30,winter,bajra flourbutterjaggerycardamomwater,roast bajra flour ghee low flame min aromaticboil jaggery water make syrup cool slightlymix roasted flour syrup dough formsadd cardamom powder knead till smoothform small ball traditionally eaten milk,bajra flourbutterjaggerycardamomwater roast bajra flour ghee low flame min aromaticboil jaggery water make syrup cool slightlymix roasted flour syrup dough formsadd cardamom powder knead till smoothform small ball traditionally eaten milk,0.0
Ukdiche Modak,उकडिचे मोदक,"rice flour,grated coconut,jaggery,cardamom,ghee,water","चावलीचेआटे,नारळ,गुड,इलायची,घी,पाणी","Make dough with rice flour and warm water.;Cook grated coconut with jaggery until dry & fragrant. Add cardamom.;Roll small dough balls, flatten into cups, fill with coconut mix.;Pleat closed, place in steamer. Steam for 12 minutes.",Maharashtrian,vegetarian,"ganesh_chaturthi,festive,home ritual",40,festive,rice flourgrated coconutjaggerycardamomgheewater,make dough rice flour warm watercook grated coconut jaggery dry fragrant add cardamomroll small dough ball flatten cup fill coconut mixpleat closed place steamer steam minute,rice flourgrated coconutjaggerycardamomgheewater make dough rice flour warm watercook grated coconut jaggery dry fragrant add cardamomroll small dough ball flatten cup fill coconut mixpleat closed place steamer steam minute,0.0
Pav Bhaji,पाव भाजी,"potato,tomato,capsicum,onion,peas,butter,pav,pav bhaji masala,coriander","बटाटा,मिरची,मटार,कांदा,बटाटा,घी,पाव,भाजीमसाला,धान्य","Boil and mash potatoes, peas, capsicum, tomato, onion.;Heat butter. Add pav bhaji masala. Stir 2 minutes.;Add mashed vegetables. Cook on high flame till dry.;Add chopped coriander. Mash again with spoon.;Toast pav with butter. Serve hot with onions and lemon.",Maharashtrian,vegetarian,"street food,snack,night supper",45,winter,potatotomatocapsicumonionpeasbutterpavpav bhaji masalacoriander,boil mash potato pea capsicum tomato onionheat butter add pav bhaji masala stir minutesadd mashed vegetable cook high flame till dryadd chopped coriander mash spoontoast pav butter serve hot onion lemon,potatotomatocapsicumonionpeasbutterpavpav bhaji masalacoriander boil mash potato pea capsicum tomato onionheat butter add pav bhaji masala stir minutesadd mashed vegetable cook high flame till dryadd chopped coriander mash spoontoast pav butter serve hot onion lemon,0.10151228312404056
Aam Chutney,आंब्याची चटणी,"raw mango,jaggery,roasted cumin,salt,red chili,water","आंबा,गुड,भाजलेलाजीरा,मीठ,मिरची,पाणी","Peel and chop raw mango into small pieces.;Grind with roasted cumin powder, salt, red chili powder.;Add jaggery and little water. Blend to paste.;Store in glass jar. Use with meals or puran poli.",Maharashtrian,vegetarian,"summer,lunch,everyday",15,summer,raw mangojaggeryroasted cuminsaltred chiliwater,peel chop raw mango small piecesgrind roasted cumin powder salt red chili powderadd jaggery little water blend pastestore glass jar use meal puran poli,raw mangojaggeryroasted cuminsaltred chiliwater peel chop raw mango small piecesgrind roasted cumin powder salt red chili powderadd jaggery little water blend pastestore glass jar use meal puran poli,0.0
Karela Bhaji,करेले भाजी,"bitter gourd,onion,mustard seeds,turmeric,oil,salt","करेला,कांदा,राई,हळद,तेल,मीठ","Slice bitter gourd thinly, soak in saltwater for 10 mins.;Drain and pat dry.;Heat oil. Add mustard seeds and turmeric. Sizzle.;Add onions and sauté. Then add bitter gourd.;Cook covered till soft. Season with salt. Serve warm.",Maharashtrian,vegetarian,"daily,health-focused,monsoon",25,monsoon,bitter gourdonionmustard seedsturmericoilsalt,slice bitter gourd thinly soak saltwater minsdrain pat dryheat oil add mustard seed turmeric sizzleadd onion saut add bitter gourdcook covered till soft season salt serve warm,bitter gourdonionmustard seedsturmericoilsalt slice bitter gourd thinly soak saltwater minsdrain pat dryheat oil add mustard seed turmeric sizzleadd onion saut add bitter gourdcook covered till soft season salt serve warm,0.0
Shrikhand,श्रीखंड,"hung curd,sugar,cardamom,saffron,chopped nuts","चाकलेलेदही,हीळ,इलायची,केसर,शेंगडी","Hang curd in muslin cloth for 6–8 hours till thick.;Mix with sugar, powdered cardamom, and soaked saffron strands.;Chill for 2 hours.;Garnish with chopped almonds or pistachios. Serve cold.",Maharashtrian,vegetarian,"festive,wedding,dessert",480,winter,hung curdsugarcardamomsaffronchopped nut,hang curd muslin cloth hour till thickmix sugar powdered cardamom soaked saffron strandschill hoursgarnish chopped almond pistachio serve cold,hung curdsugarcardamomsaffronchopped nut hang curd muslin cloth hour till thickmix sugar powdered cardamom soaked saffron strandschill hoursgarnish chopped almond pistachio serve cold,0.0
Bhakri,भाकरी,"jowar flour,water,salt","ज्वारीचेआटे,पाणी,मीठ",Mix jowar flour with water and salt to make stiff dough.;Divide into balls. Roll into thick flatbreads using palm.;Cook on tawa until browned on both sides.;Can be baked on open fire for smoky flavor.,Maharashtrian,"vegetarian,gluten-free","daily,rural,fasting",15,monsoon,jowar flourwatersalt,mix jowar flour water salt make stiff doughdivide ball roll thick flatbread using palmcook tawa browned sidescan baked open fire smoky flavor,jowar flourwatersalt mix jowar flour water salt make stiff doughdivide ball roll thick flatbread using palmcook tawa browned sidescan baked open fire smoky flavor,0.0
Kanda Pudina Bhaji,कांदा पुदीना भाजी,"onion,mint leaves,turmeric,oil,salt,chili flakes","कांदा,पुदीना,हळद,तेल,मीठ,मिरचीपावडर",Thinly slice onions.;Heat oil. Add turmeric and chili flakes. Sauté 1 min.;Add onions. Cook till soft and slightly brown.;Add chopped mint leaves. Toss gently.;Cook 2 more minutes. Serve warm.,Maharashtrian,vegetarian,"snack,lunch,summer",12,summer,onionmint leavesturmericoilsaltchili flake,thinly slice onionsheat oil add turmeric chili flake saut minadd onion cook till soft slightly brownadd chopped mint leaf toss gentlycook minute serve warm,onionmint leavesturmericoilsaltchili flake thinly slice onionsheat oil add turmeric chili flake saut minadd onion cook till soft slightly brownadd chopped mint leaf toss gentlycook minute serve warm,0.0
Kobichi Bharli Fasal,कोबीची भरली फशल,"cabbage,gram flour,turmeric,mustard seeds,curry leaves,oil,salt","कोबी,बेसन,हळद,राई,करीपत्ता,तेल,मीठ","Shred cabbage finely.;Mix with besan, turmeric, salt, and little water to make thick paste.;Heat oil. Add mustard seeds and curry leaves.;Add cabbage paste. Cook on medium heat till crisp.;Served as side dish with dal-bhakri.",Maharashtrian,vegetarian,"daily,lunch,diet-friendly",20,monsoon,cabbagegram flourturmericmustard seedscurry leavesoilsalt,shred cabbage finelymix besan turmeric salt little water make thick pasteheat oil add mustard seed curry leavesadd cabbage paste cook medium heat till crispserved side dish dalbhakri,cabbagegram flourturmericmustard seedscurry leavesoilsalt shred cabbage finelymix besan turmeric salt little water make thick pasteheat oil add mustard seed curry leavesadd cabbage paste cook medium heat till crispserved side dish dalbhakri,0.0706072117920908
Rassa,रस्सा,"chicken,curd,onion,garlic,ginger,coriander,tamarind,garam masala,oil","मांस,दही,कांदा,लसूण,अवळ,धान्य,कोंबडी,गरममसाला,तेल","Marinate chicken in curd and spice powders for 1 hour.;Sauté onions, garlic, ginger till browned.;Add chicken and sear on high heat.;Add tamarind pulp, garam masala, water. Simmer 30 mins.;Garnish with coriander. Served with rice.",Maharashtrian,non-vegetarian,"festive,wedding,special dinner",60,winter,chickencurdoniongarlicgingercoriandertamarindgaram masalaoil,marinate chicken curd spice powder hoursaut onion garlic ginger till brownedadd chicken sear high heatadd tamarind pulp garam masala water simmer minsgarnish coriander served rice,chickencurdoniongarlicgingercoriandertamarindgaram masalaoil marinate chicken curd spice powder hoursaut onion garlic ginger till brownedadd chicken sear high heatadd tamarind pulp garam masala water simmer minsgarnish coriander served rice,0.0
Bhindi Bhaji,भिंडी भाजी,"okra,mustard seeds,turmeric,oil,salt,asafetida","भिंडी,राई,हळद,तेल,मीठ,हिंग","Trim okra and slice into rounds. Dry on cloth.;Heat oil. Add mustard seeds and hing. Sizzle.;Add turmeric, then okra. Cook covered on low heat.;Stir occasionally till okra is soft and dry.;Serve with bhakri or roti.",Maharashtrian,vegetarian,"daily,lunch,summer",25,summer,okramustard seedsturmericoilsaltasafetida,trim okra slice round dry clothheat oil add mustard seed hing sizzleadd turmeric okra cook covered low heatstir occasionally till okra soft dryserve bhakri roti,okramustard seedsturmericoilsaltasafetida trim okra slice round dry clothheat oil add mustard seed hing sizzleadd turmeric okra cook covered low heatstir occasionally till okra soft dryserve bhakri roti,0.0
Khichdi,खिचडी,"rice,moong dal,turmeric,ghee,cumin seeds,salt,water","भात,मूगदाल,हळद,घी,जीरे,मीठ,पाणी","Wash rice and moong dal. Mix in equal parts.;Boil with water and turmeric until soft.;In separate pan, heat ghee. Add cumin seeds.;Pour tempering over khichdi. Mix well.;Serve hot, with pickle and yogurt.",Maharashtrian,"vegetarian,fasting","sick day,baby food,simple meal",40,winter,ricemoong dalturmericgheecumin seedssaltwater,wash rice moong dal mix equal partsboil water turmeric softin separate pan heat ghee add cumin seedspour tempering khichdi mix wellserve hot pickle yogurt,ricemoong dalturmericgheecumin seedssaltwater wash rice moong dal mix equal partsboil water turmeric softin separate pan heat ghee add cumin seedspour tempering khichdi mix wellserve hot pickle yogurt,0.0
Shiropa,शिरोपा,"vermicelli,milk,sugar,ghee,cardamom,dry fruits,nuts","सेव,दूध,हीळ,घी,इलायची,बादाम,अखरोट",Roast vermicelli in ghee till golden.;Add milk and sugar. Cook on low flame till thick.;Add crushed cardamom and chopped dry fruits.;Cook until all milk is absorbed.;Chill and serve as sweet or dessert.,Maharashtrian,vegetarian,"festive,wedding,puja",25,winter,vermicellimilksugargheecardamomdry fruitsnuts,roast vermicelli ghee till goldenadd milk sugar cook low flame till thickadd crushed cardamom chopped dry fruitscook milk absorbedchill serve sweet dessert,vermicellimilksugargheecardamomdry fruitsnuts roast vermicelli ghee till goldenadd milk sugar cook low flame till thickadd crushed cardamom chopped dry fruitscook milk absorbedchill serve sweet dessert,0.0
Masale Bhat,मसाले भात,"rice,onion,tomato,mustard seeds,curry leaves,turmeric,red chili,oil,salt,roasted peanuts,coriander","भात,कांदा,मिरची,राई,करीपत्ता,हळद,लालमिरची,तेल,मीठ,मूंगफळी,धान्य","Cook rice till slightly underdone.;Heat oil. Add mustard seeds, curry leaves, chopped onions.;Add chopped tomato, turmeric, red chili. Cook till oil separates.;Mix in cooked rice. Toss gently.;Add crushed roasted peanuts and coriander. Serve hot.",Maharashtrian,vegetarian,"lunch,daily,tiffin",35,monsoon,riceoniontomatomustard seedscurry leavesturmericred chilioilsaltroasted peanutscoriander,cook rice till slightly underdoneheat oil add mustard seed curry leaf chopped onionsadd chopped tomato turmeric red chili cook till oil separatesmix cooked rice toss gentlyadd crushed roasted peanut coriander serve hot,riceoniontomatomustard seedscurry leavesturmericred chilioilsaltroasted peanutscoriander cook rice till slightly underdoneheat oil add mustard seed curry leaf chopped onionsadd chopped tomato turmeric red chili cook till oil separatesmix cooked rice toss gentlyadd crushed roasted peanut coriander serve hot,0.06851695398900981
Pavachi Bhaji,पावाची भाजी,"potato,onion,bell pepper,tomato,green chili,spice mix,oil,salt,pav (bread)","बटाटा,कांदा,मिरची,मिरची,लसूण,मसाला,तेल,मीठ,पाव","Dice potato, onion, and bell pepper.;Sauté in oil with spices and tomato.;Cook until vegetables soften.;Serve hot with toasted pav.",Maharashtrian,vegetarian,"snack,street food,evening",25,monsoon,potatoonionbell peppertomatogreen chilispice mixoilsaltpav bread,dice potato onion bell peppersaut oil spice tomatocook vegetable softenserve hot toasted pav,potatoonionbell peppertomatogreen chilispice mixoilsaltpav bread dice potato onion bell peppersaut oil spice tomatocook vegetable softenserve hot toasted pav,0.14853587097309193
Saggus,सग्गूस,"jowar flour,curd,water,salt,mustard seeds,fried peanuts,green chili,coriander","ज्वारीचेआटे,दही,पाणी,मीठ,राई,मूंगफळी,मिरची,धान्य","Mix jowar flour with curd and water to make thick batter.;Let sit for 1 hour.;Heat oil. Add mustard seeds, chopped green chili.;Pour batter and cook on low flame till set.;Top with fried peanuts and coriander.",Maharashtrian,vegetarian,"breakfast,rural,monsoon",40,monsoon,jowar flourcurdwatersaltmustard seedsfried peanutsgreen chilicoriander,mix jowar flour curd water make thick batterlet sit hourheat oil add mustard seed chopped green chilipour batter cook low flame till settop fried peanut coriander,jowar flourcurdwatersaltmustard seedsfried peanutsgreen chilicoriander mix jowar flour curd water make thick batterlet sit hourheat oil add mustard seed chopped green chilipour batter cook low flame till settop fried peanut coriander,0.0
Akki Roti,अक्की रोटी,"rice flour,onion,carrot,green chili,coriander,oil,salt,water","चावलीचेआटे,कांदा,गाजर,मिरची,धान्य,तेल,मीठ,पाणी","Mix rice flour with grated carrot, onion, green chili, coriander.;Add water and salt to make dough.;Roll into thin discs.;Cook on tawa with oil till golden.",Maharashtrian,vegetarian,"breakfast,daily,tiffin",25,winter,rice flouronioncarrotgreen chilicorianderoilsaltwater,mix rice flour grated carrot onion green chili corianderadd water salt make doughroll thin discscook tawa oil till golden,rice flouronioncarrotgreen chilicorianderoilsaltwater mix rice flour grated carrot onion green chili corianderadd water salt make doughroll thin discscook tawa oil till golden,0.0
Telichi Bharli Gobhi,तेलीची भरली गोभी,"cauliflower,gram flour,turmeric,mustard seeds,curry leaves,oil,salt","गोभी,बेसन,हळद,राई,करीपत्ता,तेल,मीठ","Cut cauliflower into florets.;Mix gram flour with water, turmeric, salt to make paste.;Coat cauliflower in paste.;Fry in oil until golden.;Temper with mustard seeds and curry leaves.",Maharashtrian,vegetarian,"snack,festive,lunch",30,festive,cauliflowergram flourturmericmustard seedscurry leavesoilsalt,cut cauliflower floretsmix gram flour water turmeric salt make pastecoat cauliflower pastefry oil goldentemper mustard seed curry leaf,cauliflowergram flourturmericmustard seedscurry leavesoilsalt cut cauliflower floretsmix gram flour water turmeric salt make pastecoat cauliflower pastefry oil goldentemper mustard seed curry leaf,0.07938690221195226
Pelat,पेलट,"green mango,jaggery,salt,mustard seeds,red chili,oil,curry leaves","हिरवाआंबा,गुड,मीठ,राई,लालमिरची,तेल,करीपत्ता","Grate green mango.;Heat oil. Add mustard seeds, curry leaves.;Add grated mango, jaggery, chili, salt.;Cook until soft and syrupy. Stir often.;Serve as chutney with bhakri.",Maharashtrian,vegetarian,"summer,lunch,rainy season",15,summer,green mangojaggerysaltmustard seedsred chilioilcurry leaf,grate green mangoheat oil add mustard seed curry leavesadd grated mango jaggery chili saltcook soft syrupy stir oftenserve chutney bhakri,green mangojaggerysaltmustard seedsred chilioilcurry leaf grate green mangoheat oil add mustard seed curry leavesadd grated mango jaggery chili saltcook soft syrupy stir oftenserve chutney bhakri,0.07808159430650993
Bhat Bhaaji,भात भाजी,"rice,potato,onion,tomato,peas,turmeric,oil,salt","भात,बटाटा,कांदा,मिरची,मटार,हळद,तेल,मीठ","Cook rice separately.;In oil, sauté onion and tomato.;Add diced potato and peas. Cook till soft.;Mix in cooked rice. Add turmeric and salt.;Cook 5 min till flavors blend.",Maharashtrian,vegetarian,"lunch,daily,leftover use",35,monsoon,ricepotatooniontomatopeasturmericoilsalt,cook rice separatelyin oil saut onion tomatoadd diced potato pea cook till softmix cooked rice add turmeric saltcook min till flavor blend,ricepotatooniontomatopeasturmericoilsalt cook rice separatelyin oil saut onion tomatoadd diced potato pea cook till softmix cooked rice add turmeric saltcook min till flavor blend,0.15409108870426474
Papad Bhaji,पापड भाजी,"papad,onion,green chili,mustard seeds,turmeric,oil,coriander,salt","पापड,कांदा,मिरची,राई,हळद,तेल,धान्य,मीठ","Fry papad until crisp. Keep aside.;Heat oil. Add mustard seeds, curry leaves, green chili.;Add chopped onion and turmeric. Sauté.;Shred papad and mix in. Cook 2 min.;Garnish with coriander. Serve instantly.",Maharashtrian,vegetarian,"snack,quick lunch,monsoon",12,monsoon,papadoniongreen chilimustard seedsturmericoilcoriandersalt,fry papad crisp keep asideheat oil add mustard seed curry leaf green chiliadd chopped onion turmeric sautshred papad mix cook mingarnish coriander serve instantly,papadoniongreen chilimustard seedsturmericoilcoriandersalt fry papad crisp keep asideheat oil add mustard seed curry leaf green chiliadd chopped onion turmeric sautshred papad mix cook mingarnish coriander serve instantly,0.07525110302855187
Kanda Amti,कांदा आमटी,"toor dal,onion,turmeric,tamarind pulp,mustard seeds,cumin,ghee,salt","तूरदाल,कांदा,हळद,कोंबडीरस,राई,जीरे,घी,मीठ","Pressure cook toor dal until soft.;Heat ghee. Add mustard seeds, cumin, onions.;Add tamarind pulp and cooked dal. Simmer.;Add turmeric and salt. Cook for 10 min.;Serve with rice or bhakri.",Maharashtrian,vegetarian,"daily,lunch,rural",45,winter,toor dalonionturmerictamarind pulpmustard seedscumingheesalt,pressure cook toor dal softheat ghee add mustard seed cumin onionsadd tamarind pulp cooked dal simmeradd turmeric salt cook minserve rice bhakri,toor dalonionturmerictamarind pulpmustard seedscumingheesalt pressure cook toor dal softheat ghee add mustard seed cumin onionsadd tamarind pulp cooked dal simmeradd turmeric salt cook minserve rice bhakri,0.0
Bharli Vangi,भरली वांगी,"eggplant,curd,mint,coriander,shallots,turmeric,oil,salt,red chili","वांगी,दही,पुदीना,धान्य,लहानकांदा,हळद,तेल,मीठ,लालमिरची","Cut eggplant into halves, scoop out flesh.;Mix pulp with curd, mint, coriander, shallots, spices.;Stuff back into eggplant halves.;Steam for 15 minutes.;Temper with oil and red chili.",Maharashtrian,vegetarian,"daily,lunch",35,summer,eggplantcurdmintcoriandershallotsturmericoilsaltred chili,cut eggplant half scoop fleshmix pulp curd mint coriander shallot spicesstuff back eggplant halvessteam minutestemper oil red chili,eggplantcurdmintcoriandershallotsturmericoilsaltred chili cut eggplant half scoop fleshmix pulp curd mint coriander shallot spicesstuff back eggplant halvessteam minutestemper oil red chili,0.0
Ukadiche Modak (Soft),उकडिचे मोदक (मऊ),"rice flour,grated coconut,jaggery,cardamom,ghee,water","चावलीचेआटे,नारळ,गुड,इलायची,घी,पाणी","Make dough with rice flour and warm water.;Cook coconut and jaggery together until dry.;Roll dough into cups, fill with coconut mix, pleat tops.;Steam for 12 minutes. Serve warm.",Maharashtrian,vegetarian,"ganesh_chaturthi,festive,home ritual",40,festive,rice flourgrated coconutjaggerycardamomgheewater,make dough rice flour warm watercook coconut jaggery together dryroll dough cup fill coconut mix pleat topssteam minute serve warm,rice flourgrated coconutjaggerycardamomgheewater make dough rice flour warm watercook coconut jaggery together dryroll dough cup fill coconut mix pleat topssteam minute serve warm,0.0
Batata Saar,बाटले सार,"potato,tamarind,turmeric,mustard seeds,curry leaves,oil,water,salt,coriander","बटाटा,कोंबडी,हळद,राई,करीपत्ता,तेल,पाणी,मीठ,धान्य","Boil and mash potatoes.;Heat oil. Add mustard seeds, curry leaves.;Add tamarind pulp and water. Simmer.;Add mashed potatoes, turmeric, salt.;Garnish with coriander. Serve hot.",Maharashtrian,vegetarian,"lunch,monsoon,daily",30,monsoon,potatotamarindturmericmustard seedscurry leavesoilwatersaltcoriander,boil mash potatoesheat oil add mustard seed curry leavesadd tamarind pulp water simmeradd mashed potato turmeric saltgarnish coriander serve hot,potatotamarindturmericmustard seedscurry leavesoilwatersaltcoriander boil mash potatoesheat oil add mustard seed curry leavesadd tamarind pulp water simmeradd mashed potato turmeric saltgarnish coriander serve hot,0.25193331310285794
Kandachi Bhakri,कांद्याची भाकरी,"jowar flour,onion,green chili,coriander,salt,water","ज्वारीचेआटे,कांदा,मिरची,धान्य,मीठ,पाणी","Mix jowar flour with grated onion, green chili, coriander, salt.;Add water to make stiff dough.;Roll into thick rotis.;Cook on tawa with oil till browned.",Maharashtrian,vegetarian,"daily,monsoon,lunch",25,monsoon,jowar flouroniongreen chilicoriandersaltwater,mix jowar flour grated onion green chili coriander saltadd water make stiff doughroll thick rotiscook tawa oil till browned,jowar flouroniongreen chilicoriandersaltwater mix jowar flour grated onion green chili coriander saltadd water make stiff doughroll thick rotiscook tawa oil till browned,0.0
Pohe,पोहे,"flattened rice,onion,mustard seeds,curry leaves,turmeric,peanuts,lemon,coriander,oil,salt","पोहे,कांदा,राई,करीपत्ता,हळद,मूंगफळी,निंबू,धान्य,तेल,मीठ","Rinse pohe lightly and let drain.;Heat oil. Add mustard seeds, curry leaves, onion.;Add turmeric, peanuts. Sauté.;Add pohe, salt. Mix gently.;Finish with lemon and coriander. Serve hot.",Maharashtrian,vegetarian,"breakfast,daily,tiffin",15,summer,flattened riceonionmustard seedscurry leavesturmericpeanutslemoncorianderoilsalt,rinse pohe lightly let drainheat oil add mustard seed curry leaf onionadd turmeric peanut sautadd pohe salt mix gentlyfinish lemon coriander serve hot,flattened riceonionmustard seedscurry leavesturmericpeanutslemoncorianderoilsalt rinse pohe lightly let drainheat oil add mustard seed curry leaf onionadd turmeric peanut sautadd pohe salt mix gentlyfinish lemon coriander serve hot,0.07162050463274793
Kande Khaati,कांदे खाटी,"onion,oil,salt,turmeric,cumin seeds,ghee","कांदा,तेल,मीठ,हळद,जीरे,घी",Thinly slice onions.;Heat ghee and oil. Add cumin seeds.;Add onions. Fry slowly till golden brown.;Add turmeric and salt.;Serve as side with rice or bhakri.,Maharashtrian,vegetarian,"daily,lunch,rural",20,winter,onionoilsaltturmericcumin seedsghee,thinly slice onionsheat ghee oil add cumin seedsadd onion fry slowly till golden brownadd turmeric saltserve side rice bhakri,onionoilsaltturmericcumin seedsghee thinly slice onionsheat ghee oil add cumin seedsadd onion fry slowly till golden brownadd turmeric saltserve side rice bhakri,0.0
Oats Shivaji,ओट्स शिवाजी,"oats,vegetables,onion,green chili,turmeric,oil,salt","ओट्स,भाज्या,कांदा,मिरची,हळद,तेल,मीठ","Cook oats in water until soft.;Sauté onions, chili, vegetables in oil.;Add turmeric and salt.;Mix with cooked oats.;Serve hot as porridge.",Maharashtrian,vegetarian,"breakfast,health,daily",20,winter,oatsvegetablesoniongreen chiliturmericoilsalt,cook oat water softsaut onion chili vegetable oiladd turmeric saltmix cooked oatsserve hot porridge,oatsvegetablesoniongreen chiliturmericoilsalt cook oat water softsaut onion chili vegetable oiladd turmeric saltmix cooked oatsserve hot porridge,0.0
Kadhi,कढी,"yogurt,besan,water,mustard seeds,curry leaves,turmeric,oil,salt,cumin","दही,बेसन,पाणी,राई,करीपत्ते,हळद,तेल,मीठ,जीरे","Whisk yogurt with water and besan until smooth.;In a pan, heat oil. Add mustard seeds, curry leaves, cumin.;Add turmeric and salt.;Pour yogurt mixture. Cook on low flame till thick.;Serve hot with rice.",Maharashtrian,vegetarian,"lunch,daily,monsoon",30,monsoon,yogurtbesanwatermustard seedscurry leavesturmericoilsaltcumin,whisk yogurt water besan smoothin pan heat oil add mustard seed curry leaf cuminadd turmeric saltpour yogurt mixture cook low flame till thickserve hot rice,yogurtbesanwatermustard seedscurry leavesturmericoilsaltcumin whisk yogurt water besan smoothin pan heat oil add mustard seed curry leaf cuminadd turmeric saltpour yogurt mixture cook low flame till thickserve hot rice,0.0747619095896595
Vangi Masala,वांगी मसाला,"eggplant,onion,tomato,spice mix,oil,salt,turmeric,curry leaves","वांगी,कांदा,टोमॅटो,मसालामिक्स,तेल,मीठ,हळद,करीपत्ते",Roast eggplant over fire until soft.;Chop tomato and onion.;Sauté in oil with spice mix and curry leaves.;Add roasted eggplant. Mix gently.;Cook 5 min until well blended.,Maharashtrian,vegetarian,"lunch,daily,seasonal",35,summer,eggplantoniontomatospice mixoilsaltturmericcurry leaf,roast eggplant fire softchop tomato onionsaut oil spice mix curry leavesadd roasted eggplant mix gentlycook min well blended,eggplantoniontomatospice mixoilsaltturmericcurry leaf roast eggplant fire softchop tomato onionsaut oil spice mix curry leavesadd roasted eggplant mix gentlycook min well blended,0.08257291174273604
Baingan Bharta,बैंगन भर्ता,"eggplant,onion,tomato,garlic,green chili,oil,salt,coriander,garam masala","बैंगन,कांदा,टोमॅटो,लसूण,हिरवीमिरची,तेल,मीठ,धनिया,गरममसाला","Roast eggplant till charred and soft.;Peel skin and mash.;Sauté onion, tomato, garlic, chili in oil.;Add mashed eggplant and garam masala.;Cook 10 min. Garnish with coriander.",Maharashtrian,vegetarian,"lunch,festive,evening",45,winter,eggplantoniontomatogarlicgreen chilioilsaltcoriandergaram masala,roast eggplant till charred softpeel skin mashsaut onion tomato garlic chili oiladd mashed eggplant garam masalacook min garnish coriander,eggplantoniontomatogarlicgreen chilioilsaltcoriandergaram masala roast eggplant till charred softpeel skin mashsaut onion tomato garlic chili oiladd mashed eggplant garam masalacook min garnish coriander,0.0
Pulav,पुलाव,"rice,onion,potato,peas,carrot,turmeric,garam masala,oil,salt","भात,कांदा,बटाटा,मटार,गाजर,हळद,गरममसाला,तेल,मीठ","Soak rice for 30 minutes.;Sauté onions, carrots, potatoes.;Add peas, turmeric, garam masala.;Add rice and water. Cook covered.;Fluff with fork. Serve hot.",Maharashtrian,vegetarian,"lunch,festive,party",40,festive,riceonionpotatopeascarrotturmericgaram masalaoilsalt,soak rice minutessaut onion carrot potatoesadd pea turmeric garam masalaadd rice water cook coveredfluff fork serve hot,riceonionpotatopeascarrotturmericgaram masalaoilsalt soak rice minutessaut onion carrot potatoesadd pea turmeric garam masalaadd rice water cook coveredfluff fork serve hot,0.0
Farsan,फरसान,"sev,chickpea flour,oil,salt,turmeric,asafetida,mustard seeds,curry leaves","सेव,चणाडाळपीठ,तेल,मीठ,हळद,हिंग,राई,करीपत्ते","Mix chickpea flour with water, salt, turmeric, asafoetida.;Slowly heat oil. Add mustard seeds, curry leaves.;Pour batter in tiny streams into hot oil.;Fry until crisp. Drain and cool.;Store for snacks.",Maharashtrian,vegetarian,"snack,festival,diwali",25,festive,sevchickpea flouroilsaltturmericasafetidamustard seedscurry leaf,mix chickpea flour water salt turmeric asafoetidaslowly heat oil add mustard seed curry leavespour batter tiny stream hot oilfry crisp drain coolstore snack,sevchickpea flouroilsaltturmericasafetidamustard seedscurry leaf mix chickpea flour water salt turmeric asafoetidaslowly heat oil add mustard seed curry leavespour batter tiny stream hot oilfry crisp drain coolstore snack,0.07543752962071473
Sukhi Sabji,शुक्की साभाजी,"gourd,onion,mustard seeds,turmeric,curry leaves,oil,salt","दुधी,कांदा,राई,हळद,करीपत्ते,तेल,मीठ","Slice bottle gourd paper-thin.;Heat oil. Add mustard seeds, curry leaves.;Add gourd. Sauté till crispy.;Add turmeric, salt. Cook till dry.;Serve as crunchy side.",Maharashtrian,vegetarian,"lunch,daily,festival",20,monsoon,gourdonionmustard seedsturmericcurry leavesoilsalt,slice bottle gourd paperthinheat oil add mustard seed curry leavesadd gourd saut till crispyadd turmeric salt cook till dryserve crunchy side,gourdonionmustard seedsturmericcurry leavesoilsalt slice bottle gourd paperthinheat oil add mustard seed curry leavesadd gourd saut till crispyadd turmeric salt cook till dryserve crunchy side,0.08125001909698351
Kanda Aloo Sabji,कांदा आलू साभाजी,"onion,potato,turmeric,mustard seeds,curry leaves,oil,salt","कांदा,बटाटा,हळद,राई,करीपत्ते,तेल,मीठ","Dice onions and potatoes.;Heat oil. Add mustard seeds, curry leaves.;Sauté onions till translucent.;Add potatoes, turmeric, salt.;Cook covered until tender.",Maharashtrian,vegetarian,"breakfast,lunch,daily",25,monsoon,onionpotatoturmericmustard seedscurry leavesoilsalt,dice onion potatoesheat oil add mustard seed curry leavessaut onion till translucentadd potato turmeric saltcook covered tender,onionpotatoturmericmustard seedscurry leavesoilsalt dice onion potatoesheat oil add mustard seed curry leavessaut onion till translucentadd potato turmeric saltcook covered tender,0.26970125137105533
Dhania Pankan,धान्य पाकान,"fresh coriander,gram flour,green chili,turmeric,oil,salt","धनियापाने,हरभराडाळपीठ,हिरवीमिरची,हळद,तेल,मीठ","Blend coriander with green chili.;Mix with gram flour, salt, turmeric.;Add water to make thick batter.;Fry spoonfuls in oil till golden.;Serve as crispy fritters.",Maharashtrian,vegetarian,"snack,evening,party",20,summer,fresh coriandergram flourgreen chiliturmericoilsalt,blend coriander green chilimix gram flour salt turmericadd water make thick batterfry spoonful oil till goldenserve crispy fritter,fresh coriandergram flourgreen chiliturmericoilsalt blend coriander green chilimix gram flour salt turmericadd water make thick batterfry spoonful oil till goldenserve crispy fritter,0.0
Bhakri with tilt,भाकरी व टिलट,"bhakri,tilt (sesame seed chutney),onion,green chili,salt","भाकरी,तीळचटणी,कांदा,हिरवीमिरची,मीठ","Make chutney: roast sesame seeds, grind with onion, chili, salt.;Serve warm bhakri with sesame chutney.;Ideal for winter months.",Maharashtrian,vegetarian,"breakfast,winter,rural",20,winter,bhakritilt sesame seed chutneyoniongreen chilisalt,make chutney roast sesame seed grind onion chili saltserve warm bhakri sesame chutneyideal winter month,bhakritilt sesame seed chutneyoniongreen chilisalt make chutney roast sesame seed grind onion chili saltserve warm bhakri sesame chutneyideal winter month,0.0
Kolhapuri Chicken Curry,कोल्हापुरी मांसचा करी,"chicken,red chili powder,coconut,onion,garlic,ginger,tomato,spice mix,oil,water","कोल्हापुरीमांस,लालमिरचीपूड,नारळ,कांदा,लसूण,आले,टोमॅटो,मसालामिक्स,तेल,पाणी","Marinate chicken in chili powder and coconut.;Sauté onion, garlic, ginger.;Add tomato and spice mix. Cook well.;Add chicken, water. Simmer 40 min.;Serve with rice or puri.",Maharashtrian,non-vegetarian,"festive,wedding,special dinner",75,winter,chickenred chili powdercoconutoniongarlicgingertomatospice mixoilwater,marinate chicken chili powder coconutsaut onion garlic gingeradd tomato spice mix cook welladd chicken water simmer minserve rice puri,chickenred chili powdercoconutoniongarlicgingertomatospice mixoilwater marinate chicken chili powder coconutsaut onion garlic gingeradd tomato spice mix cook welladd chicken water simmer minserve rice puri,0.0
Kheer,खीर,"milk,rice,jaggery,cardamom,nuts,ghee","दूध,भात,गूळ,वेलदाणा,बदाम,घी","Cook rice in milk until soft.;Add jaggery, cardamom powder.;Cook until thick. Stir often.;Add chopped nuts and ghee.;Cool and serve chilled.",Maharashtrian,vegetarian,"festive,wedding,puja",60,winter,milkricejaggerycardamomnutsghee,cook rice milk softadd jaggery cardamom powdercook thick stir oftenadd chopped nut gheecool serve chilled,milkricejaggerycardamomnutsghee cook rice milk softadd jaggery cardamom powdercook thick stir oftenadd chopped nut gheecool serve chilled,0.0
Pheni,फेणी,"refined flour,ghee,sugar,cardamom,milk,saffron","तूप,साखर,वेलदाणा,दूध,केसर,पीठ",Mix flour with water to make dough.;Roll into thin strands and coil into nests.;Fry in ghee until golden.;Soak in sugar syrup with cardamom and saffron.;Cool and serve.,Maharashtrian,vegetarian,"festive,wedding,diwali",50,festive,refined flourgheesugarcardamommilksaffron,mix flour water make doughroll thin strand coil nestsfry ghee goldensoak sugar syrup cardamom saffroncool serve,refined flourgheesugarcardamommilksaffron mix flour water make doughroll thin strand coil nestsfry ghee goldensoak sugar syrup cardamom saffroncool serve,0.0
Kanda Amti,कांदा आमटी,"toor dal,onion,turmeric,tamarind,mustard seeds,cumin,ghee,salt","तूरडाळ,कांदा,हळद,चिंच,राई,जिरे,तूप,मीठ","Cook toor dal till soft.;In ghee, fry mustard seeds, cumin, onion.;Add tamarind and cooked dal.;Simmer for 10 minutes.;Serve with rice.",Maharashtrian,vegetarian,"daily,lunch,rural",45,winter,toor dalonionturmerictamarindmustard seedscumingheesalt,cook toor dal till softin ghee fry mustard seed cumin onionadd tamarind cooked dalsimmer minutesserve rice,toor dalonionturmerictamarindmustard seedscumingheesalt cook toor dal till softin ghee fry mustard seed cumin onionadd tamarind cooked dalsimmer minutesserve rice,0.0
Modak Amti,मोदक आमटी,"toor dal,jaggery,mustard seeds,turmeric,curry leaves,oil,salt,coconut","तूरडाळ,गूळ,राई,हळद,करीपत्ते,तेल,मीठ,नारळ","Cook toor dal till soft.;In oil, temper mustard seeds and curry leaves.;Add jaggery, coconut, turmeric.;Mix with dal. Simmer 10 min.;Serve with steamed rice.",Maharashtrian,vegetarian,"ganesh_chaturthi,festive",35,festive,toor daljaggerymustard seedsturmericcurry leavesoilsaltcoconut,cook toor dal till softin oil temper mustard seed curry leavesadd jaggery coconut turmericmix dal simmer minserve steamed rice,toor daljaggerymustard seedsturmericcurry leavesoilsaltcoconut cook toor dal till softin oil temper mustard seed curry leavesadd jaggery coconut turmericmix dal simmer minserve steamed rice,0.07912268820020638
Tambada Patto,तांबडा पातू,"lamb liver,onion,tomato,red chili,turmeric,oil,salt,ginger,garlic","गोवरयकृत,कांदा,टोमॅटो,लालमिरची,हळद,तेल,मीठ,आले,लसूण","Clean and cut liver into pieces.;Sauté garlic, ginger, onion.;Add tomato and red chili.;Add liver and turmeric. Cook 15 min.;Serve with bhakri.",Maharashtrian,non-vegetarian,"indigenous,traditional,wedding",25,winter,lamb liveroniontomatored chiliturmericoilsaltgingergarlic,clean cut liver piecessaut garlic ginger onionadd tomato red chiliadd liver turmeric cook minserve bhakri,lamb liveroniontomatored chiliturmericoilsaltgingergarlic clean cut liver piecessaut garlic ginger onionadd tomato red chiliadd liver turmeric cook minserve bhakri,0.0
